Codigo ;Descricao                               ;Unidade   ;Grupo                       ;Qtde      ;Pr.Custo  ;Pr.Venda  ;
0002 ;ARM. COPO DESCARTAVEL TRANS 50ML        ;PACOTE    ;001DOCES DIVERSOS           ;    48,00 ;     1,10 ;     1,40 ;
0003 ;REMEDIO BAND-IAD C/40                   ;CAIXA     ;015REMEDIOS                 ;    12,00 ;     9,15 ;    12,20 ;
0004 ;REMEDIO DIPIRONA C/10                   ;CAIXA     ;015REMEDIOS                 ;   141,00 ;    17,35 ;    23,10 ;
0005 ;REMEDIO ANADOR COMPRIMIDO C/128         ;CAIXA     ;015REMEDIOS                 ;     3,00 ;    68,60 ;   122,10 ;
0006 ;REMEDIO GRIPINEW C/25                   ;CAIXA     ;015REMEDIOS                 ;    10,00 ;    38,10 ;    50,70 ;
0007 ;REMEDIO SONRISAL C/60                   ;CAIXA     ;015REMEDIOS                 ;     3,00 ;    56,60 ;    75,30 ;
0008 ;BALA SANTA FE CEREJA 600G               ;PACOTE    ;003BALA DIVERSAS            ;    72,00 ;     6,06 ;     8,05 ;
0009 ;BALA PRODASA HORTELA 600grs             ;PACOTE    ;003BALA DIVERSAS            ;   165,00 ;     6,40 ;     8,70 ;
0010 ;CHICLETE TRIDENT MELANCIA C/21          ;CAIXA     ;007CHICLETE DIVERSOS        ;    36,00 ;    29,30 ;    41,50 ;
0012 ;BALA GOTA COLA DORI 600grs              ;PACOTE    ;006CHOCOLATES DIVERSOS      ;    13,00 ;     7,28 ;     9,70 ;
0015 ;PIRULITO BLONG BLUE GRANDE C/24         ;PACOTE    ;017SORVETE                  ;    18,00 ;    12,25 ;    16,30 ;
0016 ;BALA SANTA FE CANELA 600G               ;PACOTE    ;003BALA DIVERSAS            ;    64,00 ;     6,06 ;     8,05 ;
0017 ;BALA CHICLETE BOLETE 600Grs             ;PACOTE    ;003BALA DIVERSAS            ;    73,00 ;     8,20 ;    10,90 ;
0019 ;BALA FREE.CEREJA 584Grs                 ;PACOTE    ;003BALA DIVERSAS            ;    77,00 ;     6,85 ;     9,10 ;
0021 ;BALA CAFE BRIZON 650g                   ;PACOTE    ;003BALA DIVERSAS            ;    69,00 ;    13,50 ;    18,00 ;
0022 ;PIRULITO BLONG ACAI/GUARANA C/24        ;PACOTE    ;006CHOCOLATES DIVERSOS      ;     6,00 ;    12,25 ;    16,30 ;
0023 ;BEB. PINGA ATITUDE COROTE AMARELA C/12  ;FARDO     ;012BEBIDAS DIVERSAS         ;    60,00 ;    21,00 ;    28,60 ;
0024 ;BALA CARAMELO SANTA RITA AO LEITE 588G  ;PACOTE    ;003BALA DIVERSAS            ;    10,00 ;     8,40 ;    11,20 ;
0025 ;CHOCO TORTUGUITA BRANCA C/24            ;CAIXA     ;007CHICLETE DIVERSOS        ;     4,00 ;    21,18 ;    28,15 ;
0026 ;BALA SANTA RITA MACA VERDE 600grs       ;PACOTE    ;003BALA DIVERSAS            ;    19,00 ;     6,15 ;     8,20 ;
0028 ;BALA LUA CHEIA CHANTYLIE 600Grs         ;PACOTE    ;003BALA DIVERSAS            ;    12,00 ;     8,20 ;    10,90 ;
0029 ;BALA SANTA FE YOGURT 600G               ;PACOTE    ;003BALA DIVERSAS            ;    57,00 ;     5,28 ;     7,00 ;
0030 ;ARM. COPO DESCARTAVEL TRANS. 200ml      ;PACOTE    ;013ARMARINHOS               ;   115,00 ;     4,10 ;     6,45 ;
0032 ;BALA FREE.MORANGO 584grs                ;PACOTE    ;003BALA DIVERSAS            ;    16,00 ;     6,25 ;     9,10 ;
0033 ;CHICLETE BLONG MORANGO C/40             ;CAIXA     ;007CHICLETE DIVERSOS        ;    17,00 ;     5,35 ;     7,15 ;
0035 ;BALA SANTA FE MEL 600G                  ;PACOTE    ;003BALA DIVERSAS            ;    24,00 ;     6,06 ;     8,05 ;
0036 ;BALA FREE. EUCALIPITO 584grs            ;PACOTE    ;003BALA DIVERSAS            ;     9,00 ;     5,95 ;     9,10 ;
0037 ;BALA SANTA RITA AMENDOIM 600G           ;PACOTE    ;003BALA DIVERSAS            ;    34,00 ;     7,25 ;     9,65 ;
0039 ;BALA LUA CHEIA FRUTAS 600Grs            ;PACOTE    ;003BALA DIVERSAS            ;    10,00 ;     8,20 ;    10,90 ;
0040 ;DROP'S FREE. CREAM MORANGO C/12         ;CAIXA     ;004DROP'S DIVERSOS          ;    22,00 ;     6,40 ;     8,50 ;
0041 ;SACO MIX 1/2 C/500                      ;FARDO     ;013ARMARINHOS               ;    15,00 ;    11,20 ;    14,90 ;
0043 ;DROP'S FREE. MORANGO C/12               ;CAIXA     ;004DROP'S DIVERSOS          ;    24,00 ;     6,40 ;     8,50 ;
0044 ;BALA PRODASA TOFF 600Grs                ;PACOTE    ;003BALA DIVERSAS            ;    20,00 ;     6,15 ;     8,20 ;
0048 ;CHOCO TORTUGUITA BRIGADEIRO C/24        ;CAIXA     ;006CHOCOLATES DIVERSOS      ;     8,00 ;    20,34 ;    28,15 ;
0049 ;BALA FREE.CHOCOLATE SORTIDA 584grs      ;PACOTE    ;003BALA DIVERSAS            ;    58,00 ;     6,25 ;     9,10 ;
0050 ;BALA YOGURT 100 TRADICIONAL 600Grs      ;PACOTE    ;003BALA DIVERSAS            ;    43,00 ;     7,80 ;    10,45 ;
0051 ;PIRULITO POP FRUTAS TROPICAS C/50       ;PACOTE    ;005PIRULITOS DIVERSSOS      ;    14,00 ;     9,75 ;    13,00 ;
0053 ;CHOCO NUCITA NAPOLITANO C/48            ;CAIXA     ;003BALA DIVERSAS            ;    14,00 ;    12,55 ;    16,70 ;
0054 ;BALA DADINHO 600Grs                     ;PACOTE    ;003BALA DIVERSAS            ;    43,00 ;    17,70 ;    22,90 ;
0056 ;BALA BUTTER TOFF CHOCOLATE 600Grs       ;PACOTE    ;003BALA DIVERSAS            ;    24,00 ;    12,30 ;    18,80 ;
0057 ;PIRULITO POP NAPOLITANO C/50            ;PACOTE    ;005PIRULITOS DIVERSSOS      ;    16,00 ;     9,75 ;    13,00 ;
0058 ;SACOLA BRANCA 30X40                     ;FARDO     ;013ARMARINHOS               ;     6,00 ;    24,00 ;    39,55 ;
0062 ;BALA GOMA DORI C/30                     ;CAIXA     ;003BALA DIVERSAS            ;    50,00 ;    14,28 ;    19,95 ;
0064 ;DOCE GIBI RIO C/50                      ;PACOTE    ;002DOCES CASEIROS DIVERSOS  ;     7,00 ;    15,50 ;    20,65 ;
0065 ;FINI TUBES 3 CORES CX C/12              ;CAIXA     ;005PIRULITOS DIVERSSOS      ;    21,00 ;     7,52 ;    10,00 ;
0069 ;FINI TUBES TUWISTER ACIDA C/12          ;CAIXA     ;002DOCES CASEIROS DIVERSOS  ;    12,00 ;     7,52 ;    10,00 ;
0072 ;DROP'S HALLS MENTA C/21                 ;CAIXA     ;004DROP'S DIVERSOS          ;     7,00 ;    21,20 ;    28,20 ;
0073 ;DROP'S HALLS CEREJA C/21                ;CAIXA     ;004DROP'S DIVERSOS          ;    12,00 ;    21,20 ;    28,20 ;
0074 ;DROP'S HALLS DE EUCALPITO C/21          ;CAIXA     ;004DROP'S DIVERSOS          ;     6,00 ;    21,20 ;    28,20 ;
0075 ;DROP'S HALLS EXTRA FORTE C/21           ;CAIXA     ;004DROP'S DIVERSOS          ;    18,00 ;    21,20 ;    28,20 ;
0077 ;DROP'S HALLS MORANGO C/21               ;CAIXA     ;004DROP'S DIVERSOS          ;    14,00 ;    21,20 ;    28,20 ;
0078 ;BEB. COROTE PESSEGO 500ML               ;UNIDADE   ;012BEBIDAS DIVERSAS         ;    48,00 ;     3,03 ;     4,10 ;
0080 ;REMEDIO ULTRACLER ABACAXI C/60          ;CAIXA     ;012BEBIDAS DIVERSAS         ;     2,00 ;    31,15 ;    41,50 ;
0082 ;BALA FREE.CHOC. BRANCO SORTIDA 584grs   ;PACOTE    ;003BALA DIVERSAS            ;    66,00 ;     6,85 ;     9,10 ;
0083 ;BALA AZEDINHA MORANGO MACIA 500grs      ;PACOTE    ;005PIRULITOS DIVERSSOS      ;    43,00 ;     6,35 ;     8,95 ;
0084 ;SACO MIX 3KG C/500                      ;FARDO     ;002DOCES CASEIROS DIVERSOS  ;     8,00 ;    25,60 ;    34,10 ;
0085 ;BALA AZEDINHA UVA MACIA 500grs          ;PACOTE    ;005PIRULITOS DIVERSSOS      ;    17,00 ;     6,75 ;     8,95 ;
0086 ;PIRULITO BLONG T. FRUTTI C/24           ;PACOTE    ;005PIRULITOS DIVERSSOS      ;    12,00 ;    11,50 ;    16,30 ;
0088 ;BALA AZEDINHA MELANCIA MACIA 500grs     ;PACOTE    ;005PIRULITOS DIVERSSOS      ;    14,00 ;     6,75 ;     8,95 ;
0091 ;SACO MIX 5KG                            ;FARDO     ;013ARMARINHOS               ;     4,00 ;    35,80 ;    47,60 ;
0092 ;BALA CAFE SANTA FE 500Grs               ;PACOTE    ;002DOCES CASEIROS DIVERSOS  ;    37,00 ;     7,14 ;     9,50 ;
0093 ;CHICLETE BUBBALOO HORTELA C/60          ;CAIXA     ;007CHICLETE DIVERSOS        ;    20,00 ;    11,55 ;    15,40 ;
0094 ;CHICLETE BUBBALOO UVA C/60              ;CAIXA     ;007CHICLETE DIVERSOS        ;     8,00 ;    11,55 ;    15,40 ;
0095 ;CHICLETE BUBBALOO MORANGO C/60          ;CAIXA     ;007CHICLETE DIVERSOS        ;    20,00 ;    11,55 ;    15,40 ;
0097 ;CHICLETE BUBBALOO TUTTI FRUTTI C/60     ;CAIXA     ;007CHICLETE DIVERSOS        ;    20,00 ;    11,55 ;    15,40 ;
0098 ;CHICLETE FLIC'S MENTA C/12              ;CAIXA     ;007CHICLETE DIVERSOS        ;     1,00 ;     6,65 ;     8,85 ;
0100 ;BALA SANTA RITA TOFFE MIX 500grs        ;PACOTE    ;003BALA DIVERSAS            ;    41,00 ;     5,90 ;     7,85 ;
0102 ;CHICLETE FLIC'S HORTELA C/12            ;CAIXA     ;007CHICLETE DIVERSOS        ;     2,00 ;     6,65 ;     8,85 ;
0104 ;CHICLETE CARROS T.F C/100               ;CAIXA     ;007CHICLETE DIVERSOS        ;    13,00 ;     4,85 ;     6,40 ;
0105 ;CHICLETE CARROS HORT. C/100             ;CAIXA     ;007CHICLETE DIVERSOS        ;    10,00 ;     4,85 ;     6,40 ;
0106 ;CHICLETE PLUTONITA DENTADA ARDENTE C/40 ;CAIXA     ;007CHICLETE DIVERSOS        ;     8,00 ;     5,90 ;     8,70 ;
0108 ;CHICLETE AZEDINHO DE UVA C/40           ;CAIXA     ;003BALA DIVERSAS            ;    10,00 ;     2,90 ;     4,00 ;
0109 ;CHICLETE DANY BOOL C/18 UN              ;CAIXA     ;007CHICLETE DIVERSOS        ;    11,00 ;     5,28 ;     7,05 ;
0110 ;CHICLETE DANY BALL PACOTE C/100         ;PACOTE    ;007CHICLETE DIVERSOS        ;    65,00 ;     4,27 ;     5,65 ;
0111 ;DROP'S FREE. CHOC CEREJA C/12           ;CAIXA     ;004DROP'S DIVERSOS          ;     6,00 ;     6,40 ;     8,50 ;
0113 ;ARM. PAPEL HIGIENICO 30 METROS          ;FARDO     ;013ARMARINHOS               ;     8,00 ;    39,40 ;    52,40 ;
0114 ;DROP'S FREE. EXTRA FORTE C/12           ;CAIXA     ;004DROP'S DIVERSOS          ;    28,00 ;     6,40 ;     8,50 ;
0116 ;CHICLETE X CLE DOCIELE C/24             ;CAIXA     ;007CHICLETE DIVERSOS        ;    14,00 ;    15,85 ;    21,90 ;
0117 ;BEB. CONHAQUE DOMUS                     ;LITRO     ;012BEBIDAS DIVERSAS         ;    64,00 ;    11,63 ;    15,50 ;
0118 ;CHICLETE PLUTONITA CABE�A DE ABOBORAC/40;CAIXA     ;007CHICLETE DIVERSOS        ;    23,00 ;     5,90 ;     8,25 ;
0119 ;CHICLETE PLUTONITA BABA DE BRUXA C/40   ;CAIXA     ;007CHICLETE DIVERSOS        ;    26,00 ;     5,90 ;     8,25 ;
0120 ;DROP'S FREE. CEREJA C/12                ;CAIXA     ;004DROP'S DIVERSOS          ;    30,00 ;     7,56 ;    10,05 ;
0122 ;BALA CHITA SORTIDA 600Grs               ;PACOTE    ;003BALA DIVERSAS            ;    27,00 ;     6,65 ;     8,85 ;
0123 ;CHICLETE BLONG NAPOLITANO C/40          ;CAIXA     ;007CHICLETE DIVERSOS        ;    12,00 ;     4,95 ;     7,15 ;
0124 ;CHOCO TRENTO.MORANGO C/16               ;CAIXA     ;007CHICLETE DIVERSOS        ;     6,00 ;    25,90 ;    34,50 ;
0125 ;FINI TUBES TUTTI FRUTI CX C/12          ;CAIXA     ;001DOCES DIVERSOS           ;    19,00 ;     7,52 ;    10,00 ;
0126 ;CHICLETE TRIDENT CANELA C/21            ;CAIXA     ;007CHICLETE DIVERSOS        ;     6,00 ;    30,94 ;    41,20 ;
0127 ;CHICLETE TRIDENT MORANGO C/21           ;CAIXA     ;007CHICLETE DIVERSOS        ;    41,00 ;    29,90 ;    41,20 ;
0128 ;CHICLETE TRIDENT TUTTI FRUTTI C/21      ;CAIXA     ;007CHICLETE DIVERSOS        ;    31,00 ;    29,90 ;    41,20 ;
0129 ;CHICLETE TRIDENT MENTA C/21             ;CAIXA     ;007CHICLETE DIVERSOS        ;    50,00 ;    29,90 ;    41,20 ;
0130 ;D. BANANADA POTE C/20                   ;POTE      ;001DOCES DIVERSOS           ;    19,00 ;    13,72 ;    18,25 ;
0132 ;D. PRODASA SUSPIRO C/50                 ;CAIXA     ;001DOCES DIVERSOS           ;    26,00 ;    25,40 ;    33,80 ;
0133 ;D. PRODASA FUMACA C/50                  ;CAIXA     ;001DOCES DIVERSOS           ;    10,00 ;    25,40 ;    33,80 ;
0134 ;D. PRODASA COPO DE BANANA C/50          ;CAIXA     ;001DOCES DIVERSOS           ;     6,00 ;    19,11 ;    25,40 ;
0135 ;D. PRODASA MARIA MOLE C/50              ;CAIXA     ;001DOCES DIVERSOS           ;    24,00 ;    25,40 ;    33,80 ;
0137 ;D. PACOCAO C/23                         ;POTE      ;008BISCOITOS                ;    69,00 ;    12,60 ;    16,75 ;
0138 ;D. AB POTE C/20                         ;POTE      ;001DOCES DIVERSOS           ;    12,00 ;    12,60 ;    18,80 ;
0139 ;D. GELEIA DE POTE C/20                  ;POTE      ;001DOCES DIVERSOS           ;    28,00 ;    12,60 ;    21,50 ;
0140 ;D. PA�OCA CHOCOLATE C/50                ;POTE      ;001DOCES DIVERSOS           ;     7,00 ;    18,15 ;    24,15 ;
0141 ;D. PA�OCA MINDY QUADRADA C/50           ;POTE      ;001DOCES DIVERSOS           ;     4,00 ;    14,33 ;    20,90 ;
0142 ;D. PA�OCA MINDY ROLHA C/50              ;POTE      ;001DOCES DIVERSOS           ;     8,00 ;    15,71 ;    20,90 ;
0144 ;BALA SANTA RITA MORANGO 600grs          ;PACOTE    ;003BALA DIVERSAS            ;    13,00 ;     6,50 ;     8,65 ;
0149 ;CHOCO STIKADINHO C/32                   ;CAIXA     ;006CHOCOLATES DIVERSOS      ;    23,00 ;    16,94 ;    22,60 ;
0150 ;ARM. CARTELA DE CIGARRO 20X5            ;CARTELA   ;006CHOCOLATES DIVERSOS      ;     9,00 ;    30,00 ;    40,00 ;
0152 ;BEB. MENTA RECORD 900ML                 ;LITRO     ;012BEBIDAS DIVERSAS         ;    12,00 ;     7,39 ;    14,55 ;
0154 ;BOLACHA AGUA E SAL (3x1) 400Grs         ;UNIDADE   ;008BISCOITOS                ;    33,00 ;     3,95 ;     5,30 ;
0155 ;BOLACHA MAIZENA (3x1) 400Grs            ;UNIDADE   ;008BISCOITOS                ;    55,00 ;     3,95 ;     5,30 ;
0156 ;DROP'S HALLS UVA VERDE C/21             ;CAIXA     ;007CHICLETE DIVERSOS        ;    34,00 ;    21,20 ;    28,20 ;
0158 ;PIRULITO MAST.YOGURT DORI C/50          ;CAIXA     ;005PIRULITOS DIVERSSOS      ;     6,00 ;     8,92 ;    11,90 ;
0162 ;BOLACHA WAFER MORANGO                   ;UNIDADE   ;008BISCOITOS                ;    61,00 ;     1,99 ;     2,65 ;
0163 ;BOLACHA WAFER CHOCOLATE                 ;UNIDADE   ;008BISCOITOS                ;    63,00 ;     1,75 ;     2,35 ;
0165 ;DROP'S FREE. CHOC MORANGO C/12          ;CAIXA     ;004DROP'S DIVERSOS          ;    12,00 ;     6,40 ;     8,50 ;
0166 ;DROP'S FREE. CHOC MENTA C/12            ;CAIXA     ;004DROP'S DIVERSOS          ;    15,00 ;     6,40 ;     8,50 ;
0167 ;BOLACHA CAVACA NEGA MALUCA 400GRS       ;PACOTE    ;008BISCOITOS                ;   139,00 ;     5,18 ;     6,90 ;
0171 ;PIRULITO BLONG UVA C/24                 ;PACOTE    ;005PIRULITOS DIVERSSOS      ;    10,00 ;    12,25 ;    16,30 ;
0172 ;CHICLETE 100/S ADAMS HORTELA C/100      ;CAIXA     ;007CHICLETE DIVERSOS        ;    10,00 ;    22,00 ;    29,30 ;
0173 ;PIRULITO DO AMOR MORANGO C/24           ;PACOTE    ;005PIRULITOS DIVERSSOS      ;    13,00 ;     9,10 ;    12,30 ;
0174 ;BALA PASTILHA ROLLY MINTY HORTELA C/16  ;CAIXA     ;001DOCES DIVERSOS           ;    13,00 ;     8,65 ;    13,35 ;
0176 ;PIRULITO DO AMOR MA�A C/24              ;PACOTE    ;005PIRULITOS DIVERSSOS      ;    13,00 ;     9,10 ;    12,30 ;
0179 ;FINI TUBES TUWISTER C/12                ;CAIXA     ;007CHICLETE DIVERSOS        ;    22,00 ;     7,52 ;    10,00 ;
0180 ;BEB. CATUABA COM ACAI 900ML             ;LITRO     ;012BEBIDAS DIVERSAS         ;     5,00 ;     5,24 ;     8,35 ;
0181 ;BALA PIPER HORTELA 600GRS               ;PACOTE    ;006CHOCOLATES DIVERSOS      ;   138,00 ;     6,06 ;     8,05 ;
0183 ;PIRULITO BIG BIG TUTTI FRUTI C/50       ;PACOTE    ;005PIRULITOS DIVERSSOS      ;    86,00 ;    10,85 ;    14,50 ;
0184 ;PIRULITO BIG BIG MORANGO C/50           ;PACOTE    ;005PIRULITOS DIVERSSOS      ;   100,00 ;     9,90 ;    14,50 ;
0185 ;PIRULITO DIP LOKO MORANGO C/15          ;CAIXA     ;005PIRULITOS DIVERSSOS      ;    10,00 ;    19,11 ;    24,75 ;
0186 ;PIRULITO POP MANIA CHERRY C/50          ;PACOTE    ;005PIRULITOS DIVERSSOS      ;     7,00 ;     8,80 ;    11,70 ;
0187 ;DROP'S FREEGELL'S AZEDINHO UVA C/12     ;CAIXA     ;004DROP'S DIVERSOS          ;    37,00 ;     6,40 ;     8,50 ;
0188 ;PIRULITO PELOTA C/100                   ;PACOTE    ;001DOCES DIVERSOS           ;    11,00 ;     7,65 ;    10,20 ;
0189 ;FINI BEIJOS DE MORANGO CX C/12          ;CAIXA     ;001DOCES DIVERSOS           ;    32,00 ;     8,26 ;    11,00 ;
0192 ;CHOCO BOLINHA  PEQUENA C/100            ;POTE      ;001DOCES DIVERSOS           ;    12,00 ;    17,29 ;    23,00 ;
0194 ;CHOCO MORANGUETE SORTIDO C/50           ;PACOTE    ;006CHOCOLATES DIVERSOS      ;     3,00 ;    10,20 ;    13,60 ;
0195 ;CHOCO DIAMANTE NEGRO C/20               ;CAIXA     ;006CHOCOLATES DIVERSOS      ;    11,00 ;    27,45 ;    36,50 ;
0196 ;CHOCO LAKA C/12                         ;CAIXA     ;006CHOCOLATES DIVERSOS      ;     8,00 ;    29,40 ;    39,10 ;
0197 ;CHOCO GUARDA CHUVA C/50                 ;CAIXA     ;006CHOCOLATES DIVERSOS      ;    12,00 ;    12,95 ;    17,25 ;
0199 ;CHOCO MO�A C/24                         ;CAIXA     ;006CHOCOLATES DIVERSOS      ;     4,00 ;    49,00 ;    65,20 ;
0200 ;CHOCO BATON PRETO GAROTO C/30           ;CAIXA     ;006CHOCOLATES DIVERSOS      ;    25,00 ;    27,50 ;    42,30 ;
0201 ;CHOCO BATON BRANCO GAROTO C/30          ;CAIXA     ;006CHOCOLATES DIVERSOS      ;     8,00 ;    27,50 ;    42,75 ;
0202 ;REMEDIO TORSILAX CARTELA C/4            ;UNIDADE   ;006CHOCOLATES DIVERSOS      ;    71,00 ;     1,20 ;     1,55 ;
0203 ;CHOCO DISQUETE DORI C/24                ;CAIXA     ;006CHOCOLATES DIVERSOS      ;    14,00 ;    14,80 ;    21,80 ;
0205 ;FINI TUBIS GIGANTE MORANGO CITRICOS C/24;CAIXA     ;006CHOCOLATES DIVERSOS      ;     4,00 ;    28,14 ;    37,45 ;
0207 ;CHOCO PRESTIGIO C/30                    ;CAIXA     ;006CHOCOLATES DIVERSOS      ;    29,00 ;    44,50 ;    60,00 ;
0208 ;CHOCO CHOKITO NESTLE C/30               ;CAIXA     ;006CHOCOLATES DIVERSOS      ;     5,00 ;    47,60 ;    63,30 ;
0209 ;CHOCO TOP BELS TRADICIONAL C/50         ;CAIXA     ;006CHOCOLATES DIVERSOS      ;    11,00 ;    28,00 ;    41,25 ;
0210 ;CHOCO SONHO DE VALSA 1KG                ;PACOTE    ;006CHOCOLATES DIVERSOS      ;     7,00 ;    42,00 ;    55,20 ;
0211 ;BALA MENTOS ICE MINT C/16               ;CAIXA     ;007CHICLETE DIVERSOS        ;     3,00 ;    28,20 ;    37,50 ;
0214 ;CHOCO TORTUGUITA BAUNILHA C/24          ;CAIXA     ;006CHOCOLATES DIVERSOS      ;     5,00 ;    21,18 ;    28,15 ;
0215 ;ARM. PAPEL ACOPLADOS FRIOS 5KG          ;FARDO     ;013ARMARINHOS               ;     8,00 ;    22,47 ;    30,00 ;
0217 ;SACO MIX 1/4 C/500                      ;FARDO     ;013ARMARINHOS               ;    12,00 ;     8,30 ;    12,45 ;
0218 ;SACO MIX 1KG C/500                      ;FARDO     ;013ARMARINHOS               ;    22,00 ;    13,45 ;    17,90 ;
0219 ;BEB. VODKA FRUTAS ROXA 900 ML           ;LITRO     ;012BEBIDAS DIVERSAS         ;     5,00 ;     9,76 ;    13,00 ;
0221 ;BOLACHA MAIZENA RACINE 180GRS UNI.      ;UNIDADE   ;008BISCOITOS                ;    95,00 ;     1,84 ;     2,45 ;
0222 ;BEB. CONHAQUE C/ MEL ALBA 900Ml         ;LITRO     ;012BEBIDAS DIVERSAS         ;    20,00 ;    14,32 ;    19,05 ;
0223 ;BEB. CONHAQUE PRESIDENTE  900Ml         ;LITRO     ;012BEBIDAS DIVERSAS         ;    42,00 ;    13,01 ;    17,30 ;
0224 ;BEB. VINHO PINHEIRENSE 870ML            ;LITRO     ;012BEBIDAS DIVERSAS         ;   248,00 ;     2,89 ;     3,85 ;
0225 ;BEB. JURUBEBA LEAO DO NORTE 600Ml       ;LITRO     ;012BEBIDAS DIVERSAS         ;     7,00 ;    11,00 ;    14,70 ;
0227 ;ARM. FOSFORO C/10                       ;CAIXA     ;013ARMARINHOS               ;    14,00 ;     2,62 ;     3,50 ;
0228 ;BALA PASTILHA ROLLY MINTY T.F C/16      ;CAIXA     ;007CHICLETE DIVERSOS        ;    11,00 ;    10,05 ;    13,35 ;
0230 ;ARM. PALITO DENTAL 25X100               ;CAIXA     ;013ARMARINHOS               ;     6,00 ;    14,35 ;    19,10 ;
0231 ;SACOLA BRANCA 25X35                     ;FARDO     ;013ARMARINHOS               ;     3,00 ;    23,30 ;    37,70 ;
0232 ;CHOCO CHOKKO AERADO DUO C/15            ;CAIXA     ;006CHOCOLATES DIVERSOS      ;    16,00 ;    15,61 ;    20,80 ;
0233 ;ARM. CANUDO P/ REFRIGERANTE EMBALADO    ;PACOTE    ;013ARMARINHOS               ;    11,00 ;     3,55 ;     7,60 ;
0234 ;SALG.JOGADA QUEIJO 10 UNI.              ;UNIDADE   ;001DOCES DIVERSOS           ;    13,00 ;     7,75 ;    11,10 ;
0236 ;COND. SAQUINHO CHUPA-CHUPA C/10         ;CARTELA   ;010CONDIMENTOS              ;     9,00 ;    12,00 ;    16,00 ;
0237 ;ARM. GUARDANAPO TV                      ;PACOTE    ;013ARMARINHOS               ;   130,00 ;     9,10 ;    12,10 ;
0238 ;ARM. MINI ISQUERO C/12                  ;CARTELA   ;013ARMARINHOS               ;     4,00 ;    31,50 ;    41,90 ;
0239 ;ARM. ISQUERO C/12                       ;CARTELA   ;013ARMARINHOS               ;    18,00 ;    45,64 ;    60,70 ;
0240 ;DOCE DE PE DE MOLEQUE MOIDO C/10        ;PACOTE    ;002DOCES CASEIROS DIVERSOS  ;    24,00 ;    15,00 ;    20,00 ;
0241 ;DOCE DE PE DE MOLEQUE INTEIRO C/10      ;PACOTE    ;002DOCES CASEIROS DIVERSOS  ;    10,00 ;    15,00 ;    20,00 ;
0242 ;DOCE DE PE DE MOLEQUE MOIDO C/15        ;PACOTE    ;002DOCES CASEIROS DIVERSOS  ;    12,00 ;    12,30 ;    16,35 ;
0243 ;DOCE DE PE DE MOLEQUE INTEIRO C/15      ;PACOTE    ;002DOCES CASEIROS DIVERSOS  ;     1,00 ;    12,30 ;    16,35 ;
0244 ;DROP'S HALLS MELANCIA C/21              ;CAIXA     ;004DROP'S DIVERSOS          ;    13,00 ;    21,20 ;    28,20 ;
0246 ;DOCE DE BATATA ROXA                     ;UNIDADE   ;002DOCES CASEIROS DIVERSOS  ;    50,00 ;     1,60 ;     2,30 ;
0250 ;DOCE DE ABOBORA                         ;UNIDADE   ;002DOCES CASEIROS DIVERSOS  ;   144,00 ;     1,60 ;     2,30 ;
0251 ;DOCE DE BATATA                          ;UNIDADE   ;002DOCES CASEIROS DIVERSOS  ;    59,00 ;     1,60 ;     2,30 ;
0252 ;DOCE DE LEITE COCO C/15                 ;PACOTE    ;002DOCES CASEIROS DIVERSOS  ;    12,00 ;    14,00 ;    18,65 ;
0253 ;CHOCO TRENTO.CREME C/16                 ;CAIXA     ;006CHOCOLATES DIVERSOS      ;    15,00 ;    25,50 ;    33,90 ;
0256 ;SALG.FABITOS QUEIJO 50Grs               ;FARDO     ;009SALGADOS DIVERSOS        ;    56,00 ;    10,25 ;    12,80 ;
0257 ;SALG.FABITOS BACON 50Grs                ;FARDO     ;009SALGADOS DIVERSOS        ;    51,00 ;    10,25 ;    12,80 ;
0258 ;SALG.FABITOS PRESUNTO 50Grs             ;FARDO     ;009SALGADOS DIVERSOS        ;    55,00 ;    10,25 ;    12,80 ;
0259 ;FINI TUBIS GIGANTE MORANGO C/24         ;CAIXA     ;001DOCES DIVERSOS           ;     4,00 ;    28,14 ;    37,45 ;
0260 ;SALG.FABITOS PIZZA 50Grs                ;FARDO     ;009SALGADOS DIVERSOS        ;    31,00 ;    10,25 ;    12,80 ;
0261 ;ARM. CIGARRO PALHA POCO FUNDO C/10      ;CAIXA     ;013ARMARINHOS               ;    12,00 ;    61,00 ;    81,15 ;
0264 ;SALG.FABITOS CEBOLA 50Grs               ;FARDO     ;009SALGADOS DIVERSOS        ;    25,00 ;    12,25 ;    12,80 ;
0270 ;BALA PIPER MAST.HORTELA 500GRS          ;PACOTE    ;003BALA DIVERSAS            ;    21,00 ;     4,41 ;     5,90 ;
0271 ;SALG.PIPOCAO C/20                       ;FARDO     ;009SALGADOS DIVERSOS        ;    12,00 ;    13,60 ;    18,10 ;
0273 ;BEB. VERMOUTH BRANCO NORTINI 900Ml      ;LITRO     ;012BEBIDAS DIVERSAS         ;    15,00 ;    10,24 ;    13,60 ;
0274 ;BEB. VODKA ASKOV 900ML                  ;LITRO     ;012BEBIDAS DIVERSAS         ;    14,00 ;     9,81 ;    13,00 ;
0275 ;SALG.PELINHA POINT CHIPS C/10           ;FARDO     ;013ARMARINHOS               ;    48,00 ;    14,10 ;    18,75 ;
0277 ;CHICLETE ZONE CAVEIRA C/40              ;CAIXA     ;007CHICLETE DIVERSOS        ;    61,00 ;     7,65 ;    10,20 ;
0279 ;CHOCO TRENTO.DARK C/16                  ;CAIXA     ;006CHOCOLATES DIVERSOS      ;    15,00 ;    25,50 ;    33,90 ;
0280 ;SALG.BATATA POINT CHIPS NATURAL C/12    ;UNIDADE   ;009SALGADOS DIVERSOS        ;    19,00 ;    13,40 ;    18,35 ;
0281 ;SALG.BATATA POINT CHIPS CHURRASCO C/12  ;UNIDADE   ;009SALGADOS DIVERSOS        ;    14,00 ;    13,40 ;    18,35 ;
0282 ;ARM. COPO AMERICANO C/24                ;CAIXA     ;013ARMARINHOS               ;    17,00 ;    23,50 ;    31,65 ;
0283 ;ARM. COPO DESCARTAVEL TRANS 300Ml       ;PACOTE    ;013ARMARINHOS               ;   115,00 ;     6,20 ;    10,95 ;
0284 ;ARM. CANETA BIC CRISTAL AZUL            ;UNIDADE   ;013ARMARINHOS               ;   190,00 ;     0,69 ;     0,95 ;
0285 ;SACOLA RECICLADA 30X40                  ;PACOTE    ;006CHOCOLATES DIVERSOS      ;     3,00 ;    55,00 ;    75,35 ;
0288 ;BALA BUTTER TOFF COCO 500Grs            ;PACOTE    ;002DOCES CASEIROS DIVERSOS  ;     3,00 ;    12,08 ;    18,80 ;
0289 ;D. GELADINHO BIBA C/40                  ;PACOTE    ;001DOCES DIVERSOS           ;    32,00 ;    10,15 ;    13,50 ;
0290 ;REMEDIO DOR FLEX C/10                   ;CARTELA   ;001DOCES DIVERSOS           ;    95,00 ;     5,27 ;     7,00 ;
0291 ;CHOCO KITKAT C/24                       ;CAIXA     ;006CHOCOLATES DIVERSOS      ;     3,00 ;    55,90 ;    74,35 ;
0292 ;BEB. PINGA ATITUDE COROTE BRANCA C/12   ;FARDO     ;012BEBIDAS DIVERSAS         ;   237,00 ;    21,50 ;    28,60 ;
0293 ;DROP'S FREEGELL'S AZEDINHO MORANGO C/12 ;CAIXA     ;004DROP'S DIVERSOS          ;    30,00 ;     6,40 ;     8,50 ;
0294 ;BEB. FERNET ASTECA 900ML                ;LITRO     ;012BEBIDAS DIVERSAS         ;     5,00 ;    10,66 ;    14,20 ;
0296 ;BRINQUEDO UNIAO CORNETA C/15            ;CAIXA     ;011BRINQUEDOS               ;     3,00 ;    18,70 ;    24,90 ;
0297 ;BEB. JURUBEBA MARCON 880ML              ;LITRO     ;012BEBIDAS DIVERSAS         ;    51,00 ;    10,40 ;    13,85 ;
0298 ;PIRULITO DO KIKO C/30                   ;POTE      ;005PIRULITOS DIVERSSOS      ;    14,00 ;    22,60 ;    30,05 ;
0301 ;ARM. LAMINA WILKINSON C/60              ;CARTELA   ;013ARMARINHOS               ;    13,00 ;    22,69 ;    30,20 ;
0303 ;ARM. APARELHO DE BARBEAR GILETE C/10+2  ;CARTELA   ;013ARMARINHOS               ;    43,00 ;    24,40 ;    32,45 ;
0306 ;BEB. AGUA MINERAL CRYSTAL  12X510ML     ;FARDO     ;012BEBIDAS DIVERSAS         ;    30,00 ;     9,00 ;    12,00 ;
0309 ;CHOCO SUFLAIR NESTLE C/20               ;CAIXA     ;006CHOCOLATES DIVERSOS      ;     7,00 ;    62,00 ;    82,50 ;
0310 ;SACOLA VOLTE SEMPRE 30X45               ;FARDO     ;013ARMARINHOS               ;     4,00 ;    27,74 ;    37,40 ;
0312 ;BEB. AGUA C/ GAS CRYSTAL  12X510ML      ;FARDO     ;012BEBIDAS DIVERSAS         ;     2,00 ;    13,00 ;    17,30 ;
0313 ;SACOLA BRANCA 38X48                     ;FARDO     ;013ARMARINHOS               ;     9,00 ;    41,10 ;    56,95 ;
0314 ;SACOLA VOLTE SEMPRE 40X50               ;FARDO     ;013ARMARINHOS               ;    11,00 ;    42,46 ;    57,40 ;
0315 ;ARM. PRENDEDOR ROUPA DE MADEIRA C/12UNI ;PACOTE    ;013ARMARINHOS               ;   124,00 ;     1,57 ;     2,15 ;
0317 ;BEB. CONHAQUE C/ MEL COROTE             ;LITRO     ;012BEBIDAS DIVERSAS         ;    36,00 ;     6,00 ;     8,00 ;
0318 ;CHOCO TRENTO.BRANCO C/16                ;CAIXA     ;006CHOCOLATES DIVERSOS      ;    13,00 ;    25,50 ;    33,90 ;
0319 ;CHICLETE BUZZY TATUAGEM MOR C/100       ;CAIXA     ;009SALGADOS DIVERSOS        ;    30,00 ;     6,30 ;     8,40 ;
0320 ;BRINQUEDO BOLINHA DE VIDRO C/300        ;PACOTE    ;011BRINQUEDOS               ;     2,00 ;     5,90 ;    12,00 ;
0321 ;D. GELEIA DE MOCOTO C/20                ;POTE      ;001DOCES DIVERSOS           ;    18,00 ;    12,60 ;    23,65 ;
0323 ;REFR.TANG UVA C/15                      ;CAIXA     ;014REFRESCOS DIVERSOS       ;    16,00 ;    14,80 ;    19,70 ;
0324 ;BALA PRODASA ERVA CIDRERA 600GRS        ;PACOTE    ;003BALA DIVERSAS            ;   114,00 ;     6,40 ;     8,70 ;
0326 ;PIRULITO DO AMOR UVA C/24               ;PACOTE    ;005PIRULITOS DIVERSSOS      ;    14,00 ;     8,45 ;    12,30 ;
0328 ;DROP'S FREE. EUCALIPTO C/12             ;CAIXA     ;004DROP'S DIVERSOS          ;    43,00 ;     7,45 ;     8,50 ;
0329 ;SALG.JOGADA BACON 10 UNI.               ;UNIDADE   ;009SALGADOS DIVERSOS        ;    12,00 ;     7,75 ;    11,10 ;
0330 ;BEB. PINGA 51 965Ml                     ;LITRO     ;012BEBIDAS DIVERSAS         ;    56,00 ;     9,11 ;    12,15 ;
0331 ;DROP'S FREE. MENTA C/12                 ;CAIXA     ;004DROP'S DIVERSOS          ;    11,00 ;     6,40 ;     8,50 ;
0332 ;FINI TUBES UVA CX C/12                  ;CAIXA     ;001DOCES DIVERSOS           ;    18,00 ;     7,52 ;    10,00 ;
0333 ;REMEDIO ANADOR C/4                      ;CARTELA   ;015REMEDIOS                 ;    16,00 ;     2,55 ;     3,80 ;
0340 ;SALG.FABITOS CHURRASCO 50Grs            ;FARDO     ;009SALGADOS DIVERSOS        ;    37,00 ;    10,25 ;    12,80 ;
0341 ;FINI TUBES MORANGO CX C/12              ;CAIXA     ;001DOCES DIVERSOS           ;    28,00 ;     7,52 ;    10,00 ;
0346 ;BALA FREE.UVA 584grs                    ;PACOTE    ;003BALA DIVERSAS            ;     6,00 ;     6,25 ;     9,10 ;
0348 ;REMEDIO SAL DE FRUTAS ENO C/60          ;CAIXA     ;015REMEDIOS                 ;     4,00 ;    86,72 ;   115,35 ;
0349 ;BOLACHA WAFER MOUSSE DE LIMAO           ;UNIDADE   ;006CHOCOLATES DIVERSOS      ;    46,00 ;     1,99 ;     2,65 ;
0350 ;CHICLETE PLUTONITA ZUMBISS C/18         ;CAIXA     ;007CHICLETE DIVERSOS        ;     3,00 ;     7,19 ;     9,60 ;
0351 ;COND. CHIMICHURRI C/10                  ;CARTELA   ;003BALA DIVERSAS            ;    11,00 ;    10,00 ;    13,30 ;
0352 ;CHICLETE 100/S ADAMS T.FRUTI C/100      ;CAIXA     ;007CHICLETE DIVERSOS        ;    11,00 ;    19,80 ;    27,60 ;
0354 ;COND. ACAFRAO C/10                      ;CARTELA   ;006CHOCOLATES DIVERSOS      ;     7,00 ;     5,00 ;     6,65 ;
0356 ;BEB. COROTE LIMAO 500ML                 ;UNIDADE   ;012BEBIDAS DIVERSAS         ;    45,00 ;     3,03 ;     4,10 ;
0357 ;BRINQUEDO LETTI CAR C/12                ;CAIXA     ;011BRINQUEDOS               ;    13,00 ;    15,95 ;    21,25 ;
0358 ;COND. BICARBONATO C/10                  ;CARTELA   ;010CONDIMENTOS              ;    28,00 ;     5,00 ;     6,65 ;
0359 ;COND. CAMOMILA C/10                     ;CARTELA   ;010CONDIMENTOS              ;     5,00 ;     8,00 ;    11,00 ;
0360 ;COND. CANELA CASCA C/10                 ;CARTELA   ;010CONDIMENTOS              ;    10,00 ;     8,00 ;    11,00 ;
0361 ;COND. CANELA EM PO C/10                 ;CARTELA   ;010CONDIMENTOS              ;    19,00 ;     5,00 ;     6,65 ;
0362 ;COND. COLORIFICO C/10                   ;CARTELA   ;010CONDIMENTOS              ;    20,00 ;     5,00 ;     6,65 ;
0363 ;COND. CRAVO DA INDIA C/10               ;CARTELA   ;010CONDIMENTOS              ;    10,00 ;     9,00 ;    12,00 ;
0364 ;COND. ERVA DOCE C/10                    ;CARTELA   ;010CONDIMENTOS              ;    23,00 ;     5,00 ;     6,65 ;
0365 ;COND. FOLHA DE LOURO C/10               ;CARTELA   ;010CONDIMENTOS              ;    17,00 ;     5,00 ;     6,65 ;
0366 ;COND. OREGANO C/10                      ;CARTELA   ;010CONDIMENTOS              ;    26,00 ;     5,00 ;     6,65 ;
0367 ;COND. PIMENTA EM GRAO C/10              ;CARTELA   ;010CONDIMENTOS              ;     5,00 ;     6,00 ;    10,65 ;
0368 ;COND. PIMENTA MOIDA C/10                ;CARTELA   ;010CONDIMENTOS              ;    14,00 ;     5,00 ;     6,65 ;
0369 ;FINI TUBES UVA ACIDA C/12               ;CAIXA     ;010CONDIMENTOS              ;    14,00 ;     7,52 ;    10,00 ;
0373 ;BRINQUEDO UNIAO CATA VENTO C/15         ;CAIXA     ;011BRINQUEDOS               ;    20,00 ;    21,00 ;    27,95 ;
0374 ;ENL. FUBA 10X500GRS                     ;FARDO     ;013ARMARINHOS               ;     1,00 ;    20,10 ;    26,75 ;
0375 ;FINI TUBES MORANGO/LARANJA CX C/12      ;CAIXA     ;001DOCES DIVERSOS           ;    12,00 ;     7,52 ;    10,00 ;
0380 ;CHICLETE BLONG TUTTI F.C/40             ;CAIXA     ;007CHICLETE DIVERSOS        ;    31,00 ;     5,35 ;     7,15 ;
0381 ;CHICLETE KRIPTONITA ATOMIC 03 C/20      ;CAIXA     ;007CHICLETE DIVERSOS        ;    10,00 ;    13,00 ;    17,30 ;
0382 ;CHICLETE PLUTONITA LINGUA ACIDA C/40    ;CAIXA     ;007CHICLETE DIVERSOS        ;     5,00 ;     5,90 ;     8,70 ;
0392 ;BRINQUEDO UNIAO CANARIO APTO C/15       ;CAIXA     ;011BRINQUEDOS               ;     8,00 ;    17,70 ;    24,90 ;
0394 ;BRINQUEDO CATA VENTO CARINHAS C/12      ;CAIXA     ;011BRINQUEDOS               ;    27,00 ;    11,95 ;    15,90 ;
0395 ;BEB. COROTE BLUEBERRY 500ML             ;UNIDADE   ;012BEBIDAS DIVERSAS         ;    20,00 ;     3,03 ;     4,10 ;
0396 ;BEB. GROSELHA ASTECA 1 LITRO            ;LITRO     ;012BEBIDAS DIVERSAS         ;     7,00 ;     7,84 ;    10,45 ;
0398 ;DOCE COCADA PRETA PRAINHA C/20          ;POTE      ;012BEBIDAS DIVERSAS         ;     9,00 ;    17,00 ;    22,60 ;
0399 ;DOCE COCADA BRANCA PRAINHA C/20         ;POTE      ;001DOCES DIVERSOS           ;    22,00 ;    17,00 ;    22,60 ;
0401 ;CHICLETE MONSTERS VISION PCT C/80       ;PACOTE    ;007CHICLETE DIVERSOS        ;    17,00 ;     6,95 ;     9,25 ;
0404 ;BOLACHA DANIX  CHOCOLATE 170GRS         ;UNIDADE   ;008BISCOITOS                ;    68,00 ;     2,35 ;     3,15 ;
0405 ;FINI TUBIS GIGANTE TWISTER C/24         ;CAIXA     ;008BISCOITOS                ;     4,00 ;    28,14 ;    37,45 ;
0407 ;BOLACHA RECHEADA MORANGO UNI.           ;UNIDADE   ;008BISCOITOS                ;   116,00 ;     1,19 ;     1,60 ;
0408 ;D. GELADAO BIBA C/20                    ;PACOTE    ;003BALA DIVERSAS            ;    30,00 ;    10,15 ;    13,50 ;
0409 ;CHICLETE BLONG UVA C/40                 ;CAIXA     ;007CHICLETE DIVERSOS        ;    11,00 ;     4,95 ;     7,15 ;
0411 ;REFR.FRESH ABACAXI C/15                 ;CAIXA     ;014REFRESCOS DIVERSOS       ;    11,00 ;    15,30 ;    20,35 ;
0412 ;REFR.FRESH GUARANA C/15                 ;CAIXA     ;014REFRESCOS DIVERSOS       ;     5,00 ;    15,30 ;    20,35 ;
0413 ;REMEDIO ENGOV C/150                     ;CAIXA     ;013ARMARINHOS               ;     4,00 ;   150,00 ;   199,50 ;
0414 ;REFR.FRESH UVA C/15                     ;CAIXA     ;014REFRESCOS DIVERSOS       ;    20,00 ;    15,30 ;    20,35 ;
0416 ;REMEDIO SONRISAL C/2                    ;CARTELA   ;015REMEDIOS                 ;   147,00 ;     1,78 ;     2,90 ;
0418 ;REMEDIO SAL DE FRUTAS ENO C/2           ;CARTELA   ;015REMEDIOS                 ;    85,00 ;     3,00 ;     4,00 ;
0419 ;REFR.FRESH LARANJA C/15                 ;CAIXA     ;014REFRESCOS DIVERSOS       ;    25,00 ;    15,30 ;    20,35 ;
0420 ;REFR.FRESH LIMAO C/15                   ;CAIXA     ;014REFRESCOS DIVERSOS       ;    24,00 ;    15,30 ;    20,35 ;
0421 ;REFR.FRESH MARACUJA C/15                ;CAIXA     ;014REFRESCOS DIVERSOS       ;    14,00 ;    15,30 ;    20,35 ;
0423 ;REFR.FRESH MORANGO C/15                 ;CAIXA     ;014REFRESCOS DIVERSOS       ;    21,00 ;    15,30 ;    20,35 ;
0425 ;CHOCO TRENTO.DUO c/16                   ;CAIXA     ;006CHOCOLATES DIVERSOS      ;    18,00 ;    25,50 ;    33,90 ;
0427 ;CHOCO MORANGUETE C/36 UNI               ;CAIXA     ;006CHOCOLATES DIVERSOS      ;    12,00 ;    11,20 ;    14,90 ;
0428 ;PIRULITO BLONG ENERGETICO C/24          ;PACOTE    ;005PIRULITOS DIVERSSOS      ;    15,00 ;    12,25 ;    16,30 ;
0430 ;BRINQUEDO LETTI GARRAFINHA C/12         ;CAIXA     ;011BRINQUEDOS               ;    29,00 ;    15,95 ;    21,25 ;
0431 ;PIRULITO BLONG CEREJA C/24              ;PACOTE    ;001DOCES DIVERSOS           ;    16,00 ;    12,25 ;    16,30 ;
0432 ;BEB. VODKA KIWI 900ML                   ;LITRO     ;003BALA DIVERSAS            ;    11,00 ;     9,76 ;    13,00 ;
0434 ;CHOCO TRENTO.CHOCOLATE C/16             ;CAIXA     ;006CHOCOLATES DIVERSOS      ;    31,00 ;    25,90 ;    34,50 ;
0435 ;DROP'S FREE. MORANGO/CHOCO 3X1 C/12     ;CAIXA     ;004DROP'S DIVERSOS          ;    39,00 ;     6,40 ;     8,50 ;
0437 ;CHOCO TRENTO.AVELAN C/16                ;CAIXA     ;006CHOCOLATES DIVERSOS      ;    12,00 ;    25,50 ;    33,90 ;
0438 ;BALA PASTILHA ROLLY MINTY MORANGO C/16  ;CAIXA     ;013ARMARINHOS               ;    10,00 ;     9,35 ;    13,35 ;
0440 ;SALG.PIPOQUINHA C/50                    ;PACOTE    ;009SALGADOS DIVERSOS        ;     3,00 ;     0,00 ;     0,00 ;
0441 ;BOLACHA CREAM CRACKER RACINE 180GRS UNI.;UNIDADE   ;008BISCOITOS                ;    80,00 ;     1,87 ;     2,45 ;
0442 ;REFR.TANG MORANGO C/15                  ;CAIXA     ;014REFRESCOS DIVERSOS       ;    10,00 ;    14,80 ;    23,75 ;
0443 ;PIRULITO DIP LOKO UVA C/15              ;CAIXA     ;005PIRULITOS DIVERSSOS      ;    11,00 ;    18,60 ;    24,75 ;
0444 ;REFR.TANG LIMAO C/18                    ;CAIXA     ;014REFRESCOS DIVERSOS       ;    24,00 ;    17,85 ;    23,75 ;
0445 ;BALA FREE.EXTRA FORTE 584grs            ;PACOTE    ;003BALA DIVERSAS            ;     5,00 ;     6,25 ;     9,10 ;
0448 ;FINI PINTA LINGUA C/12                  ;CAIXA     ;008BISCOITOS                ;    21,00 ;     7,52 ;    10,00 ;
0449 ;BEB. VODKA PET ICE C/12 UNI.            ;FARDO     ;012BEBIDAS DIVERSAS         ;    53,00 ;    19,35 ;    25,75 ;
0451 ;CHICLETE ZONE OLHOS MORANGO C/40 UNI.   ;CAIXA     ;007CHICLETE DIVERSOS        ;   117,00 ;     7,65 ;    10,20 ;
0452 ;PIRULITO BLONG MORANGO GRANDE C/24      ;PACOTE    ;005PIRULITOS DIVERSSOS      ;    40,00 ;    12,25 ;    16,30 ;
0456 ;BALA PASTILHA MINTY HORT.C/40           ;CAIXA     ;003BALA DIVERSAS            ;     7,00 ;    16,90 ;    22,50 ;
0457 ;BEB. VODKA MARACUJA 900ML               ;LITRO     ;012BEBIDAS DIVERSAS         ;     6,00 ;     9,76 ;    13,00 ;
0458 ;BEB. PINGA ATITUDE 2 LITROS AMARELA     ;LITRO     ;012BEBIDAS DIVERSAS         ;   127,00 ;     7,50 ;    10,00 ;
0460 ;BEB. COROTE MORANGO 500ML               ;UNIDADE   ;012BEBIDAS DIVERSAS         ;    14,00 ;     3,03 ;     4,10 ;
0461 ;DROP'S FREE. CHOC MARACUJA C/12         ;CAIXA     ;004DROP'S DIVERSOS          ;    51,00 ;     6,40 ;     8,50 ;
0462 ;BOLACHA ROSQUINHA CHOCOLATE 400Grs      ;PACOTE    ;008BISCOITOS                ;    30,00 ;     3,20 ;     4,25 ;
0463 ;BOLACHA ROSQUINHA COCO 400Grs           ;PACOTE    ;008BISCOITOS                ;    50,00 ;     3,20 ;     4,25 ;
0467 ;BEB. CACHACA AMELIA 870ML               ;LITRO     ;007CHICLETE DIVERSOS        ;    22,00 ;    11,00 ;    14,65 ;
0469 ;SACOLA RECICLADA 40X50                  ;PACOTE    ;006CHOCOLATES DIVERSOS      ;     3,00 ;    55,00 ;    75,35 ;
0471 ;BEB. CATUABA SELVAGEM 1LT               ;LITRO     ;001DOCES DIVERSOS           ;    22,00 ;    11,20 ;    14,90 ;
0474 ;REFR.TANG LARANJA C/18                  ;CAIXA     ;014REFRESCOS DIVERSOS       ;    14,00 ;    17,85 ;    23,75 ;
0479 ;ENL. CATCHUP SMART 3,100Kg              ;GALAO     ;016ENLATADOS E OUTROS       ;    13,00 ;    10,25 ;    13,65 ;
0483 ;BALA SANTA FE SORTIDA 500G              ;PACOTE    ;003BALA DIVERSAS            ;   324,00 ;     4,41 ;     5,90 ;
0489 ;PIRULITO DIP LOKO F.VERMELHAS C/15      ;CAIXA     ;005PIRULITOS DIVERSSOS      ;     7,00 ;    16,80 ;    24,75 ;
0491 ;BEB. SUCO BIOLEVE CITRICOS 390ML        ;FARDO     ;012BEBIDAS DIVERSAS         ;     8,00 ;    16,45 ;    21,90 ;
0497 ;ENL. SALCICHA                           ;POTE      ;002DOCES CASEIROS DIVERSOS  ;    11,00 ;    23,60 ;    31,40 ;
0499 ;ARM. PALHA SANTA LUZIA C/50             ;PACOTE    ;008BISCOITOS                ;    18,00 ;    52,00 ;    69,15 ;
0500 ;CHOCO TRENTO.TORTA DE LIMAO C/16        ;CAIXA     ;006CHOCOLATES DIVERSOS      ;    10,00 ;    25,90 ;    34,50 ;
0504 ;BALA FREE.SORTIDA MIX 584grs            ;PACOTE    ;003BALA DIVERSAS            ;    60,00 ;     6,85 ;     9,10 ;
0506 ;CHICLETE TRIDENT HORTELA C/21           ;CAIXA     ;007CHICLETE DIVERSOS        ;    38,00 ;    29,90 ;    41,20 ;
0509 ;CHOCO CHOKKO AERADO AO LEITE C/15       ;CAIXA     ;006CHOCOLATES DIVERSOS      ;     6,00 ;    18,83 ;    25,10 ;
0510 ;BEB. PINGA ATITUDE 2 LITROS BRANCA      ;LITRO     ;012BEBIDAS DIVERSAS         ;   482,00 ;     7,50 ;    10,00 ;
0515 ;BRINQUEDO UNIAO PIAO C/15               ;CAIXA     ;005PIRULITOS DIVERSSOS      ;    16,00 ;    17,70 ;    24,90 ;
0517 ;CHICLETE HUEVITOS C/12                  ;CAIXA     ;007CHICLETE DIVERSOS        ;    12,00 ;    17,99 ;    23,95 ;
0518 ;ARM. TOALHA DE PAPEL INTERFOLHAS        ;PACOTE    ;006CHOCOLATES DIVERSOS      ;    14,00 ;     6,70 ;     9,00 ;
0520 ;CHICLETE 100/S CLORETES HORT C/100      ;CAIXA     ;007CHICLETE DIVERSOS        ;     7,00 ;    17,00 ;    23,85 ;
0521 ;CHICLETE BIG BIG UVA C/100              ;CAIXA     ;007CHICLETE DIVERSOS        ;     4,00 ;     7,99 ;    10,65 ;
0529 ;BALA SANTA RITA SORTIDA 500grs          ;PACOTE    ;003BALA DIVERSAS            ;   138,00 ;     6,10 ;     8,15 ;
0534 ;CHICLETE BLONG BLUE C/40                ;CAIXA     ;007CHICLETE DIVERSOS        ;    29,00 ;     5,35 ;     7,15 ;
0535 ;BALA MENTOS FRUTAS C/16                 ;CAIXA     ;003BALA DIVERSAS            ;     4,00 ;    27,93 ;    37,50 ;
0536 ;BALA MENTOS FRUTAS VERMELHAS C/16       ;CAIXA     ;003BALA DIVERSAS            ;     8,00 ;    24,50 ;    32,95 ;
0537 ;CHICLETE BLONG HORTELA C/40             ;CAIXA     ;007CHICLETE DIVERSOS        ;    32,00 ;     5,35 ;     7,15 ;
0538 ;CHICLETE BLONG BLACK C/40               ;CAIXA     ;007CHICLETE DIVERSOS        ;    23,00 ;     4,44 ;     7,15 ;
0548 ;ARM. CANETA BIC CRISTAL PRETA           ;UNIDADE   ;013ARMARINHOS               ;    94,00 ;     0,69 ;     0,95 ;
0549 ;BALA SANTA RITA CHICLEBOOL T.F 500grs   ;PACOTE    ;013ARMARINHOS               ;    43,00 ;     5,90 ;     7,85 ;
0550 ;REFR.TANG GOIABA C/18                   ;CAIXA     ;016ENLATADOS E OUTROS       ;     8,00 ;    17,85 ;    23,75 ;
0551 ;BEB. CATUABOM 900ML                     ;LITRO     ;012BEBIDAS DIVERSAS         ;    46,00 ;     6,08 ;     8,10 ;
0553 ;REFR.TANG ABACAXI C/18                  ;CAIXA     ;014REFRESCOS DIVERSOS       ;    19,00 ;    16,80 ;    23,75 ;
0555 ;FINI DENTADURAS CX C/12                 ;CAIXA     ;001DOCES DIVERSOS           ;    18,00 ;     8,26 ;    11,00 ;
0561 ;PIRULITO BLONG BLACK GRANDE C/24        ;PACOTE    ;017SORVETE                  ;    15,00 ;    12,25 ;    16,30 ;
0563 ;PIRULITO DO AMOR CEREJA C/24            ;PACOTE    ;005PIRULITOS DIVERSSOS      ;     9,00 ;     9,24 ;    12,30 ;
0580 ;CHICLETE PLUTONITA ABRACO CONGEL. C/40  ;CAIXA     ;007CHICLETE DIVERSOS        ;     1,00 ;     5,90 ;     8,70 ;
0600 ;ARM. LAMINA LORD                        ;CARTELA   ;013ARMARINHOS               ;    15,00 ;    13,95 ;    18,90 ;
0656 ;ARM. PILHA PALITO RAYOVAC C/4           ;PACOTE    ;001DOCES DIVERSOS           ;    34,00 ;     3,88 ;     5,20 ;
0659 ;DOCE DE BARRA MOIDA 400GRS              ;UNIDADE   ;002DOCES CASEIROS DIVERSOS  ;    13,00 ;     5,10 ;     6,80 ;
0666 ;CHOCO SUPREME PEQ AO LEITE C/20         ;CAIXA     ;006CHOCOLATES DIVERSOS      ;     2,00 ;     0,00 ;     0,00 ;
0667 ;BEB. PARATUDO MARCON 900ML              ;LITRO     ;012BEBIDAS DIVERSAS         ;    25,00 ;    11,09 ;    14,75 ;
0668 ;CHOCO TRENTO.MARACUJA C/16              ;CAIXA     ;006CHOCOLATES DIVERSOS      ;    15,00 ;    25,50 ;    33,90 ;
0669 ;PIRULITO CORA�AO C/50 GRANDE            ;PACOTE    ;005PIRULITOS DIVERSSOS      ;    21,00 ;     8,89 ;    11,85 ;
0671 ;FINI TUBES MORANGO ACIDO CX C/12        ;CAIXA     ;001DOCES DIVERSOS           ;    29,00 ;     7,52 ;    10,00 ;
0672 ;PIRULITO DIP N'LIK C/30                 ;CAIXA     ;005PIRULITOS DIVERSSOS      ;    10,00 ;     8,47 ;    11,25 ;
0673 ;CHICLETE CROC ENERGY C/40               ;CAIXA     ;002DOCES CASEIROS DIVERSOS  ;     4,00 ;     3,28 ;     4,40 ;
0676 ;ARM. PAPEL HIGIENICO 60 METROS          ;FARDO     ;007CHICLETE DIVERSOS        ;     3,00 ;    59,45 ;    82,90 ;
0677 ;DOCE DE PE DE MO�A C/20                 ;POTE      ;002DOCES CASEIROS DIVERSOS  ;     8,00 ;    17,00 ;    22,60 ;
0679 ;PIRULITO CORACAO C/50 PEQUENO           ;PACOTE    ;005PIRULITOS DIVERSSOS      ;    56,00 ;     3,65 ;     4,85 ;
0685 ;CHICLETE BIG BIG T. FRUTAS C/100        ;CAIXA     ;007CHICLETE DIVERSOS        ;    13,00 ;     8,00 ;    10,65 ;
0686 ;CHICLETE BIG BIG MORANGO C/100          ;CAIXA     ;007CHICLETE DIVERSOS        ;    11,00 ;     7,99 ;    10,65 ;
0687 ;CHICLETE BIG BIG HORTELA C/100          ;CAIXA     ;007CHICLETE DIVERSOS        ;    18,00 ;     7,90 ;    10,65 ;
0690 ;CHOCO OURO BRANCO 1KG                   ;PACOTE    ;006CHOCOLATES DIVERSOS      ;     9,00 ;    42,00 ;    59,45 ;
0692 ;CHOCO TRENTO MAXIMO BRANCO COOKIES C/16 ;CAIXA     ;006CHOCOLATES DIVERSOS      ;     6,00 ;    22,90 ;    30,45 ;
0693 ;SACO DE LANCHE 22X17                    ;PACOTE    ;013ARMARINHOS               ;     1,00 ;    17,50 ;    23,30 ;
0694 ;PIRULITO ZE MOLA FRUTAS C/25            ;CAIXA     ;005PIRULITOS DIVERSSOS      ;     3,00 ;    39,00 ;    51,90 ;
0695 ;BRINQUEDO SKAT C/15                     ;CAIXA     ;002DOCES CASEIROS DIVERSOS  ;     1,00 ;    31,40 ;    41,80 ;
0702 ;BALA CHITA ABACAXI 600Grs               ;PACOTE    ;003BALA DIVERSAS            ;    21,00 ;     6,50 ;     8,65 ;
0704 ;BOLACHA ROSQUINHA LEITE 400Grs          ;PACOTE    ;008BISCOITOS                ;    44,00 ;     3,20 ;     4,25 ;
0705 ;D. PA�OCA CHOCOLATE BRANCO C/50         ;POTE      ;001DOCES DIVERSOS           ;     4,00 ;    18,15 ;    24,15 ;
0708 ;ARM. FUMO POCO FUNDO UNI.               ;PACOTE    ;006CHOCOLATES DIVERSOS      ;    74,00 ;     1,74 ;     2,30 ;
0714 ;BALA MENTOS T.FRUTTI C/16               ;CAIXA     ;006CHOCOLATES DIVERSOS      ;     6,00 ;    24,50 ;    32,95 ;
0718 ;REFR.TANG TANGERINA C/18                ;CAIXA     ;014REFRESCOS DIVERSOS       ;     9,00 ;    16,80 ;    23,75 ;
0719 ;BOLACHA RECHEADA CHOCOLATE UNI.         ;UNIDADE   ;008BISCOITOS                ;   273,00 ;     1,19 ;     1,60 ;
0722 ;SALG.BATATA POINT CHIPS CEBOLA C/12     ;UNIDADE   ;009SALGADOS DIVERSOS        ;    11,00 ;    13,40 ;    18,35 ;
0725 ;SALG.JOGADA CHURRASCO 10 UNI.           ;UNIDADE   ;005PIRULITOS DIVERSSOS      ;    11,00 ;     7,75 ;    11,10 ;
0727 ;SACO MIX 7KG                            ;FARDO     ;013ARMARINHOS               ;     2,00 ;    45,60 ;    60,70 ;
0730 ;CHICLETE TRIDENT FRESH INTENSE C/21     ;CAIXA     ;007CHICLETE DIVERSOS        ;    22,00 ;    29,90 ;    41,20 ;
0731 ;SACO MIX 2 KG C/500                     ;FARDO     ;013ARMARINHOS               ;    18,00 ;    20,20 ;    26,90 ;
0733 ;CHICLETE TRIDENT HERBAL FRESH C/21      ;CAIXA     ;007CHICLETE DIVERSOS        ;     7,00 ;    29,90 ;    41,20 ;
0734 ;SALG. RAFITOS SORTIDOS                  ;FARDO     ;012BEBIDAS DIVERSAS         ;     5,00 ;     0,00 ;     0,00 ;
0737 ;BOLACHA CAVACA NEGA MALUCA LISA 400GRS  ;PACOTE    ;008BISCOITOS                ;    54,00 ;     5,18 ;     6,90 ;
0738 ;DOCE DE CANUDO LEITE C/15               ;CAIXA     ;013ARMARINHOS               ;    15,00 ;    27,00 ;    36,00 ;
0739 ;ARM. FOSFORO C/20X10                    ;FARDO     ;013ARMARINHOS               ;     6,00 ;    46,00 ;    62,10 ;
0741 ;SALG.BACON BITS FABITOS 58Grs           ;FARDO     ;009SALGADOS DIVERSOS        ;    50,00 ;    16,65 ;    22,15 ;
0743 ;DOCE PRAINHA PEDACO LEITE C/20          ;POTE      ;001DOCES DIVERSOS           ;    20,00 ;    17,00 ;    22,60 ;
0745 ;ARM. PALHA POCO FUNDO C/50              ;PACOTE    ;001DOCES DIVERSOS           ;     1,00 ;    77,00 ;   102,40 ;
0746 ;CHICLETE CROC MIX UVA C/ LARANJA C/40   ;CAIXA     ;007CHICLETE DIVERSOS        ;     4,00 ;     3,28 ;     4,40 ;
0757 ;CHICLETE DANNY BOOL C/78 UN             ;CAIXA     ;007CHICLETE DIVERSOS        ;     7,00 ;    23,00 ;    30,60 ;
0758 ;CHICLETE FLIC'S UVA C/12                ;CAIXA     ;007CHICLETE DIVERSOS        ;     1,00 ;     6,65 ;     8,85 ;
0759 ;REMEDIO TORSILAX 25X4                   ;CAIXA     ;006CHOCOLATES DIVERSOS      ;     3,00 ;    26,60 ;    36,60 ;
0760 ;CHOCO TRENTO.TORTA DE MACA C/16         ;CAIXA     ;006CHOCOLATES DIVERSOS      ;    14,00 ;    25,50 ;    33,90 ;
0762 ;REMEDIO DOR FLEX C/300                  ;CAIXA     ;015REMEDIOS                 ;     3,00 ;   158,22 ;   210,00 ;
0763 ;CHOCO MORANGUETE BEL C/160              ;CAIXA     ;002DOCES CASEIROS DIVERSOS  ;     5,00 ;    43,70 ;    62,00 ;
0764 ;REFR.TANG MARACUJA C/15                 ;CAIXA     ;014REFRESCOS DIVERSOS       ;     6,00 ;    16,80 ;    19,70 ;
0766 ;CHICLETE BUZZY TATUAGEM TF C/100        ;CAIXA     ;001DOCES DIVERSOS           ;    73,00 ;     5,90 ;     7,90 ;
0767 ;CHICLETE BUZZY TATUAGEM HORT. C/100     ;CAIXA     ;001DOCES DIVERSOS           ;    49,00 ;     5,90 ;     7,90 ;
0768 ;REMEDIO NEOSALDINA C/30                 ;CAIXA     ;001DOCES DIVERSOS           ;    12,00 ;    26,65 ;    35,50 ;
0769 ;BRINQUEDO MAMA FEST C/12                ;CAIXA     ;001DOCES DIVERSOS           ;    10,00 ;    19,45 ;    25,90 ;
0771 ;BALA SANTA RITA MORANGO DURA 500G       ;PACOTE    ;001DOCES DIVERSOS           ;    16,00 ;     4,95 ;     6,60 ;
0772 ;CHICLETE BUZZYBOL T.F C/40              ;CAIXA     ;001DOCES DIVERSOS           ;     4,00 ;     3,28 ;     4,40 ;
0774 ;FINI AMORAS CX C/12                     ;CAIXA     ;001DOCES DIVERSOS           ;    30,00 ;     8,22 ;    11,00 ;
0775 ;DOCE DE GIBIZAO TONIKELY C/20           ;POTE      ;002DOCES CASEIROS DIVERSOS  ;     6,00 ;    21,00 ;    27,95 ;
0776 ;REMEDIO DORIL C/150                     ;CAIXA     ;015REMEDIOS                 ;     2,00 ;   194,60 ;   258,80 ;
0778 ;CHICLETE DANCLETS CX C/15               ;CAIXA     ;007CHICLETE DIVERSOS        ;     7,00 ;    18,10 ;    24,10 ;
0779 ;FINI BANANINHA CX C/12                  ;CAIXA     ;003BALA DIVERSAS            ;    15,00 ;     8,26 ;    11,00 ;
0784 ;DOCE DE LEITE PURO C/15                 ;PACOTE    ;002DOCES CASEIROS DIVERSOS  ;     8,00 ;    14,00 ;    18,65 ;
0785 ;ARM. PILHA RAYOVAC C/4                  ;PACOTE    ;013ARMARINHOS               ;   117,00 ;     2,76 ;     4,20 ;
0787 ;REFR.TANG GUARANA C/15                  ;CAIXA     ;001DOCES DIVERSOS           ;     1,00 ;    14,80 ;    19,70 ;
0788 ;REFR.TANG MANGA C/15                    ;CAIXA     ;001DOCES DIVERSOS           ;    19,00 ;    14,80 ;    19,70 ;
0789 ;BEB. COROTE MARACUJA 500ML              ;UNIDADE   ;001DOCES DIVERSOS           ;     9,00 ;     3,03 ;     4,10 ;
0790 ;BRINQUEDO UNIAO PIROMANIA C/15          ;CAIXA     ;001DOCES DIVERSOS           ;    12,00 ;    17,70 ;    24,90 ;
0792 ;BRINQUEDO LETTI CELULAR C/12            ;CAIXA     ;001DOCES DIVERSOS           ;    16,00 ;    16,50 ;    21,95 ;
0793 ;BRINQUEDO LETTI CHUQUINHA C/12          ;CAIXA     ;001DOCES DIVERSOS           ;     9,00 ;    15,95 ;    21,25 ;
0794 ;D. PACOCA MINDY C/100                   ;CAIXA     ;002DOCES CASEIROS DIVERSOS  ;     6,00 ;    16,50 ;    22,00 ;
0796 ;ARM. GUARDANAPO DE MESA PCT             ;PACOTE    ;002DOCES CASEIROS DIVERSOS  ;    30,00 ;     0,91 ;     1,25 ;
0797 ;BEB. VINHO MARCON T.SECO 1L             ;LITRO     ;002DOCES CASEIROS DIVERSOS  ;    14,00 ;    18,25 ;    24,30 ;
0798 ;BEB. CACHACA V.BARREIRO 910ML           ;LITRO     ;002DOCES CASEIROS DIVERSOS  ;    34,00 ;     9,35 ;    12,50 ;
0799 ;BEB. BRASILBERG 920ML                   ;LITRO     ;001DOCES DIVERSOS           ;    11,00 ;    33,03 ;    43,95 ;
0804 ;BEB. CAMPARI 900ML                      ;LITRO     ;001DOCES DIVERSOS           ;    11,00 ;    43,90 ;    58,40 ;
0806 ;CHOCO NUCITA NAPOLITANO BIG C/12        ;CAIXA     ;002DOCES CASEIROS DIVERSOS  ;     4,00 ;     8,10 ;    10,80 ;
0809 ;ARM. COPO DESCARTAVEL DE 400 ML         ;PACOTE    ;001DOCES DIVERSOS           ;    15,00 ;     4,69 ;     6,25 ;
0815 ;ARM. COPO DESCARTAVEL TRANS.500ML       ;PACOTE    ;001DOCES DIVERSOS           ;    15,00 ;     6,19 ;     8,25 ;
0818 ;FINI MINHOCAS CX C/12                   ;CAIXA     ;001DOCES DIVERSOS           ;    16,00 ;     8,22 ;    11,00 ;
